{
    "id": "fvtt_dnd5e_pidlwick",
    "title": "Pidlwick - D&D5e Macros",
    "description": "A D&D 5e compendium that provides useful functions for DMs and players",
    "version": "0.0.3",
    "compatibility": {
      "minimum": "0.11.315",
      "verified": "0.11.315"
    },
    "authors": [
      {
        "name": "hollowphoton",
        "url": "https://github.com/hollowphoton"
      }
    ],
    "packs": [
      {
        "name": "macros_hotbar",
        "label": "Hotbar Macros",
        "system": "mosh",
        "path": "packs/macros_hotbar.db",
        "type": "Macro",
        "ownership": {
          "PLAYER": "OBSERVER",
          "ASSISTANT": "OWNER"
        }
      },
      {
        "name": "macros_triggered",
        "label": "Triggered Macros",
        "path": "packs/macros_triggered.db",
        "type": "Macro",
        "ownership": {
          "PLAYER": "OBSERVER",
          "ASSISTANT": "OWNER"
        }
      }
    ],
    "relationships": {
      "systems": [
        {
          "id": "dnd5e",
          "type": "system",
          "manifest": "https://github.com/foundryvtt/dnd5e/releases/download/release-3.1.2/system.json",
          "compatibility": {
            "minimum": "3.1.2",
            "verified": "3.1.2"
          }
        }
      ]
    },
    "url": "https://github.com/hollowphoton/fvtt_dnd5e_pidlwick",
    "manifest": "https://github.com/hollowphoton/fvtt_dnd5e_pidlwick/releases/latest/download/module.json",
    "download": "https://github.com/hollowphoton/fvtt_dnd5e_pidlwick/releases/latest/download/fvtt_dnd5e_pidlwick.zip"
  }