{
	"Abberation": [
		{
			"cr_start": 0,
			"cr_end": 8,
			"die": "1d100",
			"target": 100,
			"base_gp": "2d12",
			"party_modifier": "none",
			"global_modifier": 2
		},
		{
			"cr_start": 9,
			"cr_end": 99,
			"die": "1d100",
			"target": 60,
			"base_gp": "2d12",
			"party_modifier": "none",
			"global_modifier": 2
		}
	],
	"Beast": [
		{
			"cr_start": 0,
			"cr_end": 99,
			"die": "1d100",
			"target": 100,
			"base_gp": "1",
			"party_modifier": "none",
			"global_modifier": 1
		}
	],
	"Celestial": [
		{
			"cr_start": 0,
			"cr_end": 9,
			"die": "none",
			"target": 0,
			"base_gp": "0",
			"party_modifier": "none",
			"global_modifier": 0
		},
		{
			"cr_start": 10,
			"cr_end": 99,
			"die": "1d100",
			"target": 40,
			"base_gp": "2d10",
			"party_modifier": "apl",
			"global_modifier": 1
		}
	],
	"Construct": [
		{
			"cr_start": 0,
			"cr_end": 99,
			"die": "1d100",
			"target": 100,
			"base_gp": "1",
			"party_modifier": "none",
			"global_modifier": 1
		}
	],
	"Dragon": [
		{
			"cr_start": 0,
			"cr_end": 99,
			"die": "none",
			"target": 0,
			"base_gp": "0",
			"party_modifier": "none",
			"global_modifier": 0
		}
	],
	"Elemental": [
		{
			"cr_start": 0,
			"cr_end": 99,
			"die": "none",
			"target": 0,
			"base_gp": "0",
			"party_modifier": "none",
			"global_modifier": 0
		}
	],
	"Fey": [
		{
			"cr_start": 0,
			"cr_end": 99,
			"die": "1d100",
			"target": 20,
			"base_gp": "1d4",
			"party_modifier": "apl",
			"global_modifier": 2
		}
	],
	"Fiend": [
		{
			"cr_start": 0,
			"cr_end": 99,
			"die": "1d100",
			"target": 10,
			"base_gp": "2d8",
			"party_modifier": "apl",
			"global_modifier": 2
		}
	],
	"Giant": [
		{
			"cr_start": 0,
			"cr_end": 99,
			"die": "1d100",
			"target": 5,
			"base_gp": "2d4",
			"party_modifier": "apl",
			"global_modifier": 2
		}
	],
	"Humanoid": [
		{
			"cr_start": 0,
			"cr_end": 99,
			"die": "1d100",
			"target": 5,
			"base_gp": "2d6",
			"party_modifier": "apl",
			"global_modifier": 1
		}
	],
	"Monstrosity": [
		{
			"cr_start": 0,
			"cr_end": 99,
			"die": "1d100",
			"target": 90,
			"base_gp": "1d4",
			"party_modifier": "none",
			"global_modifier": 1
		}
	],
	"Ooze": [
		{
			"cr_start": 0,
			"cr_end": 99,
			"die": "1d100",
			"target": 20,
			"base_gp": "2d12",
			"party_modifier": "apl",
			"global_modifier": 1
		}
	],
	"Plant": [
		{
			"cr_start": 0,
			"cr_end": 99,
			"die": "1d100",
			"target": 60,
			"base_gp": "2d10",
			"party_modifier": "none",
			"global_modifier": 1
		}
	],
	"Undead": [
		{
			"cr_start": 0,
			"cr_end": 99,
			"die": "1d100",
			"target": 80,
			"base_gp": "1d4",
			"party_modifier": "apl",
			"global_modifier": 1
		}
	]
}